,Title,Price,Branf,Model,Form Factor,Resolution
0,"Sony Alpha ILCE-7RM3A Full-Frame 42.4MP Mirrorless Camera Body (4K Full Frame, Real-Time Eye Auto Focus, Real time Animal Eye AF, Tiltable LCD, 2.7 Optical Zoom) - Black","1,89,990.",  Brand   Sony  ,  Model Name   ILCE-7RM3A  ,  Form Factor   Mirrorless  ,  Effective Still Resolution   42.4 MP  
1,"Sony Alpha ILCE-7C Compact Full Frame Camera (4K, Flip Screen, Light Weight, Real time Tracking, Content Creation, 3 Optical Zoom) - Silver","1,47,789.",  Brand   Sony  ,  Model Name   ILCE-7C/SQ IN5  ,  Form Factor   Mirrorless  ,  Effective Still Resolution   24.2 MP  
2,Canon EOS 1500D 24.1 Digital SLR Camera (Black) with EF S18-55 is II Lens,"35,990.00",  Brand   Canon  ,  Model Name   EOS 1500D  ,  Form Factor   Hand held  ,  Effective Still Resolution   24.10  
3,Canon EOS 200D II 24.1MP Digital SLR Camera + EF-S 18-55mm f4 is STM Lens (Black),"54,990.00",  Brand   Canon  ,  Model Name   EOS 200D II  ,  Form Factor   DSLR  ,  Effective Still Resolution   24.1 MP  
4,Panasonic LUMIX G7 16.00 MP 4K Mirrorless Interchangeable Lens Camera Kit with 14-42 mm Lens (Black) with 3x Optical Zoom,"39,990.00",  Brand   Panasonic  ,  Model Name   G Series  ,  Form Factor   Mirrorless  ,  Effective Still Resolution   16 MP  
5,Nikon D850 45.7MP DSLR Camera Body with 0.75x Optical Zoom and 64GB SD Card (Black),"1,99,999.",  Brand   Nikon  ,  Model Name   Nikon D850  ,  Form Factor   DSLR  ,  Effective Still Resolution   45.7 MP  
6,Canon EOS 6D Mark II 26.2MP Digital SLR Camera with EF24-105 mm f/4L is II USM Lens [Black],"1,72,546.",  Brand   Canon  ,  Model Name   Digital Cameras  ,  Form Factor   DSLR  ,  Effective Still Resolution   26.2  
7,Nikon D7500 20.9MP Digital SLR Camera (Black) with AF-S DX NIKKOR 18-140mm f/3.5-5.6G ED VR Lens,"69,984.00",  Brand   Nikon  ,None,  Form Factor   Compact  ,  Effective Still Resolution   20.9 MP  
8,"Sony Alpha ILCE-6400M 24.2MP Mirrorless Digital SLR Camera (Black) with 18-135mm Power Zoom Lens (APS-C Sensor, Real-Time Eye Auto Focus, 4K Vlogging Camera, Tiltable LCD) - Black","1,05,543.",  Brand   Sony  ,  Model Name   Alpha  ,"  Form Factor   DSLR, Compact, Mirrorless  ",  Effective Still Resolution   24.2 MP  
9,Nikon D7500 DX-Format Digital SLR Body (Black),"69,984.00",  Brand   Nikon  ,  Model Name   D7500  ,  Form Factor   DSLR  ,  Effective Still Resolution   20.9 MP  
10,Canon EOS 200D II 24.1MP Digital SLR Camera + EF-S 18-55mm f4 is STM Lens (Black) + Arctic Fox Sling Shutter Topography Camera Bag,"56,189.00",  Brand   Canon  ,  Model Name   EOS  ,  Form Factor   DSLR  ,  Effective Still Resolution   24.1 MP  
11,"Sony Alpha ILCE 6100L 24.2 MP Mirrorless Digital SLR Camera with 16-50 mm Power Zoom Lens (APS-C Sensor,Fast Auto Focus,Real-time Eye AF,Real-time Tracking,4K Vlogging Camera & Tiltable Screen), Black","66,989.00",  Brand   Sony  ,  Model Name   APSC  ,  Form Factor   Mirrorless  ,  Effective Still Resolution   24.2 MP  
12,Nikon D850 45.7MP Digital SLR Camera (Black) with AF-S Nikkor 24-120mm F/4G ED VR Lens and 64GB Memory Card,"2,38,995.",  Brand   Nikon  ,  Model Name   D850  ,  Form Factor   DSLR  ,  Effective Still Resolution   45 MP  
13,"Canon EOS 90D [18-135 f3.5-5.6 is USM Lens] DSLR Camera, Wi-Fi Enabled, International Version - Black","2,52,726.",  Brand   Canon  ,  Model Name   Canon EOS 90D  ,  Form Factor   DSLR  ,  Effective Still Resolution   32.5 MP  
14,Canon EOS 6D Mark II 26.2MP Digital SLR Camera with EF24-105 mm f/4L is II USM Lens [Black],"1,72,546.",  Brand   Canon  ,  Model Name   Digital Cameras  ,  Form Factor   DSLR  ,  Effective Still Resolution   26.2  
15,(Renewed) Canon EOS 200D II 24.1MP Digital SLR Camera + EF-S 18-55mm f4 is STM Lens (Black),"47,550.00",  Brand   Canon  ,  Model Name   EOS 200DII  ,  Form Factor   DSLR  ,  Effective Still Resolution   24.1 MP  
16,DAONPHARI Digital Camera 16X F-ocus Zoom Design Resolution 1280 * 720 Supported S D Card 4 * AA Batter-y Powered Operated for Photos Taking S-tudio,"5,394.00",  Brand   DAONPHARI  ,None,  Form Factor   Compact  ,None
17,Canon EOS 5D Mark IV 30.4MP Digital SLR Camera (Black) with Body Only,"3,94,057.",  Brand   Canon  ,  Model Name   EOS  ,  Form Factor   DSLR  ,  Effective Still Resolution   30.4 MP  
18,(Renewed) Canon EOS M50 24.1MP Mirrorless Digital SLR Camera (Black) with EF-M 15-45 is STM Lens,"49,990.00",  Brand   Canon  ,  Model Name   EOS M50  ,"  Form Factor   DSLR, Mirrorless  ",  Effective Still Resolution   24.1 MP  
19,"Canon EOS 6D Mark II Digital SLR Camera Body [Wi-Fi Enabled, Black]","2,21,616.",  Brand   Canon  ,  Model Name   EOS 6D Mark II  ,  Form Factor   DSLR  ,  Effective Still Resolution   26.2 MP  
20,"Sony Alpha ILCE-7RM3A Full-Frame 42.4MP Mirrorless Camera Body (4K Full Frame, Real-Time Eye Auto Focus, Real time Animal Eye AF, Tiltable LCD, 2.7 Optical Zoom) - Black","1,89,990.",  Brand   Sony  ,  Model Name   ILCE-7RM3A  ,  Form Factor   Mirrorless  ,  Effective Still Resolution   42.4 MP  
21,"Sony Alpha ILCE-7C Compact Full Frame Camera (4K, Flip Screen, Light Weight, Real time Tracking, Content Creation, 3 Optical Zoom) - Silver","1,47,789.",  Brand   Sony  ,  Model Name   ILCE-7C/SQ IN5  ,  Form Factor   Mirrorless  ,  Effective Still Resolution   24.2 MP  
22,Canon EOS 1500D 24.1 Digital SLR Camera (Black) with EF S18-55 is II Lens,"35,990.00",  Brand   Canon  ,  Model Name   EOS 1500D  ,  Form Factor   Hand held  ,  Effective Still Resolution   24.10  
23,Canon EOS 200D II 24.1MP Digital SLR Camera + EF-S 18-55mm f4 is STM Lens (Black),"54,990.00",  Brand   Canon  ,  Model Name   EOS 200D II  ,  Form Factor   DSLR  ,  Effective Still Resolution   24.1 MP  
24,Panasonic LUMIX G7 16.00 MP 4K Mirrorless Interchangeable Lens Camera Kit with 14-42 mm Lens (Black) with 3x Optical Zoom,"39,990.00",  Brand   Panasonic  ,  Model Name   G Series  ,  Form Factor   Mirrorless  ,  Effective Still Resolution   16 MP  
25,Nikon D7500 20.9MP Digital SLR Camera (Black) with AF-S DX NIKKOR 18-140mm f/3.5-5.6G ED VR Lens,"69,984.00",  Brand   Nikon  ,None,  Form Factor   Compact  ,  Effective Still Resolution   20.9 MP  
26,"Sony Alpha ILCE-6400M 24.2MP Mirrorless Digital SLR Camera (Black) with 18-135mm Power Zoom Lens (APS-C Sensor, Real-Time Eye Auto Focus, 4K Vlogging Camera, Tiltable LCD) - Black","1,05,543.",  Brand   Sony  ,  Model Name   Alpha  ,"  Form Factor   DSLR, Compact, Mirrorless  ",  Effective Still Resolution   24.2 MP  
27,Nikon D7500 DX-Format Digital SLR Body (Black),"69,984.00",  Brand   Nikon  ,  Model Name   D7500  ,  Form Factor   DSLR  ,  Effective Still Resolution   20.9 MP  
28,Canon EOS 200D II 24.1MP Digital SLR Camera + EF-S 18-55mm f4 is STM Lens (Black) + Arctic Fox Sling Shutter Topography Camera Bag,"56,189.00",  Brand   Canon  ,  Model Name   EOS  ,  Form Factor   DSLR  ,  Effective Still Resolution   24.1 MP  
29,"Sony Alpha ILCE 6100L 24.2 MP Mirrorless Digital SLR Camera with 16-50 mm Power Zoom Lens (APS-C Sensor,Fast Auto Focus,Real-time Eye AF,Real-time Tracking,4K Vlogging Camera & Tiltable Screen), Black","66,989.00",  Brand   Sony  ,  Model Name   APSC  ,  Form Factor   Mirrorless  ,  Effective Still Resolution   24.2 MP  
30,Nikon D850 45.7MP Digital SLR Camera (Black) with AF-S Nikkor 24-120mm F/4G ED VR Lens and 64GB Memory Card,"2,38,995.",  Brand   Nikon  ,  Model Name   D850  ,  Form Factor   DSLR  ,  Effective Still Resolution   45 MP  
31,"Canon EOS 90D [18-135 f3.5-5.6 is USM Lens] DSLR Camera, Wi-Fi Enabled, International Version - Black","2,52,726.",  Brand   Canon  ,  Model Name   Canon EOS 90D  ,  Form Factor   DSLR  ,  Effective Still Resolution   32.5 MP  
32,Nikon D850 45.7MP DSLR Camera Body with 0.75x Optical Zoom and 64GB SD Card (Black),"1,99,999.",  Brand   Nikon  ,  Model Name   Nikon D850  ,  Form Factor   DSLR  ,  Effective Still Resolution   45.7 MP  
33,Canon EOS 6D Mark II 26.2MP Digital SLR Camera with EF24-105 mm f/4L is II USM Lens [Black],"1,72,546.",  Brand   Canon  ,  Model Name   Digital Cameras  ,  Form Factor   DSLR  ,  Effective Still Resolution   26.2  
34,Canon EOS 6D Mark II 26.2MP Digital SLR Camera with EF24-105 mm f/4L is II USM Lens [Black],"1,72,546.",  Brand   Canon  ,  Model Name   Digital Cameras  ,  Form Factor   DSLR  ,  Effective Still Resolution   26.2  
35,(Renewed) Canon EOS 200D II 24.1MP Digital SLR Camera + EF-S 18-55mm f4 is STM Lens (Black),"47,550.00",  Brand   Canon  ,  Model Name   EOS 200DII  ,  Form Factor   DSLR  ,  Effective Still Resolution   24.1 MP  
36,DAONPHARI Digital Camera 16X F-ocus Zoom Design Resolution 1280 * 720 Supported S D Card 4 * AA Batter-y Powered Operated for Photos Taking S-tudio,"5,394.00",  Brand   DAONPHARI  ,None,  Form Factor   Compact  ,None
37,Canon EOS 5D Mark IV 30.4MP Digital SLR Camera (Black) with Body Only,"3,94,057.",  Brand   Canon  ,  Model Name   EOS  ,  Form Factor   DSLR  ,  Effective Still Resolution   30.4 MP  
38,(Renewed) Canon EOS M50 24.1MP Mirrorless Digital SLR Camera (Black) with EF-M 15-45 is STM Lens,"49,990.00",  Brand   Canon  ,  Model Name   EOS M50  ,"  Form Factor   DSLR, Mirrorless  ",  Effective Still Resolution   24.1 MP  
39,"Canon EOS 6D Mark II Digital SLR Camera Body [Wi-Fi Enabled, Black]","2,21,616.",  Brand   Canon  ,  Model Name   EOS 6D Mark II  ,  Form Factor   DSLR  ,  Effective Still Resolution   26.2 MP  
40,"Sony Alpha ILCE-7RM3A Full-Frame 42.4MP Mirrorless Camera Body (4K Full Frame, Real-Time Eye Auto Focus, Real time Animal Eye AF, Tiltable LCD, 2.7 Optical Zoom) - Black","1,89,990.",  Brand   Sony  ,  Model Name   ILCE-7RM3A  ,  Form Factor   Mirrorless  ,  Effective Still Resolution   42.4 MP  
41,"Sony Alpha ILCE-7C Compact Full Frame Camera (4K, Flip Screen, Light Weight, Real time Tracking, Content Creation, 3 Optical Zoom) - Silver","1,47,789.",  Brand   Sony  ,  Model Name   ILCE-7C/SQ IN5  ,  Form Factor   Mirrorless  ,  Effective Still Resolution   24.2 MP  
42,Canon EOS 1500D 24.1 Digital SLR Camera (Black) with EF S18-55 is II Lens,"35,990.00",  Brand   Canon  ,  Model Name   EOS 1500D  ,  Form Factor   Hand held  ,  Effective Still Resolution   24.10  
43,Canon EOS 200D II 24.1MP Digital SLR Camera + EF-S 18-55mm f4 is STM Lens (Black),"54,990.00",  Brand   Canon  ,  Model Name   EOS 200D II  ,  Form Factor   DSLR  ,  Effective Still Resolution   24.1 MP  
44,Panasonic LUMIX G7 16.00 MP 4K Mirrorless Interchangeable Lens Camera Kit with 14-42 mm Lens (Black) with 3x Optical Zoom,"39,990.00",  Brand   Panasonic  ,  Model Name   G Series  ,  Form Factor   Mirrorless  ,  Effective Still Resolution   16 MP  
45,Nikon D7500 20.9MP Digital SLR Camera (Black) with AF-S DX NIKKOR 18-140mm f/3.5-5.6G ED VR Lens,"69,984.00",  Brand   Nikon  ,None,  Form Factor   Compact  ,  Effective Still Resolution   20.9 MP  
46,"Sony Alpha ILCE-6400M 24.2MP Mirrorless Digital SLR Camera (Black) with 18-135mm Power Zoom Lens (APS-C Sensor, Real-Time Eye Auto Focus, 4K Vlogging Camera, Tiltable LCD) - Black","1,05,543.",  Brand   Sony  ,  Model Name   Alpha  ,"  Form Factor   DSLR, Compact, Mirrorless  ",  Effective Still Resolution   24.2 MP  
47,Nikon D7500 DX-Format Digital SLR Body (Black),"69,984.00",  Brand   Nikon  ,  Model Name   D7500  ,  Form Factor   DSLR  ,  Effective Still Resolution   20.9 MP  
48,Canon EOS 200D II 24.1MP Digital SLR Camera + EF-S 18-55mm f4 is STM Lens (Black) + Arctic Fox Sling Shutter Topography Camera Bag,"56,189.00",  Brand   Canon  ,  Model Name   EOS  ,  Form Factor   DSLR  ,  Effective Still Resolution   24.1 MP  
49,"Sony Alpha ILCE 6100L 24.2 MP Mirrorless Digital SLR Camera with 16-50 mm Power Zoom Lens (APS-C Sensor,Fast Auto Focus,Real-time Eye AF,Real-time Tracking,4K Vlogging Camera & Tiltable Screen), Black","66,989.00",  Brand   Sony  ,  Model Name   APSC  ,  Form Factor   Mirrorless  ,  Effective Still Resolution   24.2 MP  
50,Nikon D850 45.7MP Digital SLR Camera (Black) with AF-S Nikkor 24-120mm F/4G ED VR Lens and 64GB Memory Card,"2,38,995.",  Brand   Nikon  ,  Model Name   D850  ,  Form Factor   DSLR  ,  Effective Still Resolution   45 MP  
51,"Canon EOS 90D [18-135 f3.5-5.6 is USM Lens] DSLR Camera, Wi-Fi Enabled, International Version - Black","2,52,726.",  Brand   Canon  ,  Model Name   Canon EOS 90D  ,  Form Factor   DSLR  ,  Effective Still Resolution   32.5 MP  
52,Nikon D850 45.7MP DSLR Camera Body with 0.75x Optical Zoom and 64GB SD Card (Black),"1,99,999.",  Brand   Nikon  ,  Model Name   Nikon D850  ,  Form Factor   DSLR  ,  Effective Still Resolution   45.7 MP  
53,Canon EOS 6D Mark II 26.2MP Digital SLR Camera with EF24-105 mm f/4L is II USM Lens [Black],"1,72,546.",  Brand   Canon  ,  Model Name   Digital Cameras  ,  Form Factor   DSLR  ,  Effective Still Resolution   26.2  
54,Canon EOS 6D Mark II 26.2MP Digital SLR Camera with EF24-105 mm f/4L is II USM Lens [Black],"1,72,546.",  Brand   Canon  ,  Model Name   Digital Cameras  ,  Form Factor   DSLR  ,  Effective Still Resolution   26.2  
55,(Renewed) Canon EOS 200D II 24.1MP Digital SLR Camera + EF-S 18-55mm f4 is STM Lens (Black),"47,550.00",  Brand   Canon  ,  Model Name   EOS 200DII  ,  Form Factor   DSLR  ,  Effective Still Resolution   24.1 MP  
56,DAONPHARI Digital Camera 16X F-ocus Zoom Design Resolution 1280 * 720 Supported S D Card 4 * AA Batter-y Powered Operated for Photos Taking S-tudio,"5,394.00",  Brand   DAONPHARI  ,None,  Form Factor   Compact  ,None
57,Canon EOS 5D Mark IV 30.4MP Digital SLR Camera (Black) with Body Only,"3,94,057.",  Brand   Canon  ,  Model Name   EOS  ,  Form Factor   DSLR  ,  Effective Still Resolution   30.4 MP  
58,(Renewed) Canon EOS M50 24.1MP Mirrorless Digital SLR Camera (Black) with EF-M 15-45 is STM Lens,"49,990.00",  Brand   Canon  ,  Model Name   EOS M50  ,"  Form Factor   DSLR, Mirrorless  ",  Effective Still Resolution   24.1 MP  
59,"Canon EOS 6D Mark II Digital SLR Camera Body [Wi-Fi Enabled, Black]","2,21,616.",  Brand   Canon  ,  Model Name   EOS 6D Mark II  ,  Form Factor   DSLR  ,  Effective Still Resolution   26.2 MP  
60,"Sony Alpha ILCE-7RM3A Full-Frame 42.4MP Mirrorless Camera Body (4K Full Frame, Real-Time Eye Auto Focus, Real time Animal Eye AF, Tiltable LCD, 2.7 Optical Zoom) - Black","1,89,990.",  Brand   Sony  ,  Model Name   ILCE-7RM3A  ,  Form Factor   Mirrorless  ,  Effective Still Resolution   42.4 MP  
61,"Sony Alpha ILCE-7C Compact Full Frame Camera (4K, Flip Screen, Light Weight, Real time Tracking, Content Creation, 3 Optical Zoom) - Silver","1,47,789.",  Brand   Sony  ,  Model Name   ILCE-7C/SQ IN5  ,  Form Factor   Mirrorless  ,  Effective Still Resolution   24.2 MP  
62,Canon EOS 1500D 24.1 Digital SLR Camera (Black) with EF S18-55 is II Lens,"35,990.00",  Brand   Canon  ,  Model Name   EOS 1500D  ,  Form Factor   Hand held  ,  Effective Still Resolution   24.10  
63,Canon EOS 200D II 24.1MP Digital SLR Camera + EF-S 18-55mm f4 is STM Lens (Black),"54,990.00",  Brand   Canon  ,  Model Name   EOS 200D II  ,  Form Factor   DSLR  ,  Effective Still Resolution   24.1 MP  
64,Panasonic LUMIX G7 16.00 MP 4K Mirrorless Interchangeable Lens Camera Kit with 14-42 mm Lens (Black) with 3x Optical Zoom,"39,990.00",  Brand   Panasonic  ,  Model Name   G Series  ,  Form Factor   Mirrorless  ,  Effective Still Resolution   16 MP  
65,Nikon D850 45.7MP DSLR Camera Body with 0.75x Optical Zoom and 64GB SD Card (Black),"1,99,999.",  Brand   Nikon  ,  Model Name   Nikon D850  ,  Form Factor   DSLR  ,  Effective Still Resolution   45.7 MP  
66,Canon EOS 6D Mark II 26.2MP Digital SLR Camera with EF24-105 mm f/4L is II USM Lens [Black],"1,72,546.",  Brand   Canon  ,  Model Name   Digital Cameras  ,  Form Factor   DSLR  ,  Effective Still Resolution   26.2  
67,Nikon D7500 20.9MP Digital SLR Camera (Black) with AF-S DX NIKKOR 18-140mm f/3.5-5.6G ED VR Lens,"69,984.00",  Brand   Nikon  ,None,  Form Factor   Compact  ,  Effective Still Resolution   20.9 MP  
68,"Sony Alpha ILCE-6400M 24.2MP Mirrorless Digital SLR Camera (Black) with 18-135mm Power Zoom Lens (APS-C Sensor, Real-Time Eye Auto Focus, 4K Vlogging Camera, Tiltable LCD) - Black","1,05,543.",  Brand   Sony  ,  Model Name   Alpha  ,"  Form Factor   DSLR, Compact, Mirrorless  ",  Effective Still Resolution   24.2 MP  
69,Nikon D7500 DX-Format Digital SLR Body (Black),"69,984.00",  Brand   Nikon  ,  Model Name   D7500  ,  Form Factor   DSLR  ,  Effective Still Resolution   20.9 MP  
70,Canon EOS 200D II 24.1MP Digital SLR Camera + EF-S 18-55mm f4 is STM Lens (Black) + Arctic Fox Sling Shutter Topography Camera Bag,"56,189.00",  Brand   Canon  ,  Model Name   EOS  ,  Form Factor   DSLR  ,  Effective Still Resolution   24.1 MP  
71,"Sony Alpha ILCE 6100L 24.2 MP Mirrorless Digital SLR Camera with 16-50 mm Power Zoom Lens (APS-C Sensor,Fast Auto Focus,Real-time Eye AF,Real-time Tracking,4K Vlogging Camera & Tiltable Screen), Black","66,989.00",  Brand   Sony  ,  Model Name   APSC  ,  Form Factor   Mirrorless  ,  Effective Still Resolution   24.2 MP  
72,Nikon D850 45.7MP Digital SLR Camera (Black) with AF-S Nikkor 24-120mm F/4G ED VR Lens and 64GB Memory Card,"2,38,995.",  Brand   Nikon  ,  Model Name   D850  ,  Form Factor   DSLR  ,  Effective Still Resolution   45 MP  
73,"Canon EOS 90D [18-135 f3.5-5.6 is USM Lens] DSLR Camera, Wi-Fi Enabled, International Version - Black","2,52,726.",  Brand   Canon  ,  Model Name   Canon EOS 90D  ,  Form Factor   DSLR  ,  Effective Still Resolution   32.5 MP  
74,Canon EOS 6D Mark II 26.2MP Digital SLR Camera with EF24-105 mm f/4L is II USM Lens [Black],"1,72,546.",  Brand   Canon  ,  Model Name   Digital Cameras  ,  Form Factor   DSLR  ,  Effective Still Resolution   26.2  
75,(Renewed) Canon EOS 200D II 24.1MP Digital SLR Camera + EF-S 18-55mm f4 is STM Lens (Black),"47,550.00",  Brand   Canon  ,  Model Name   EOS 200DII  ,  Form Factor   DSLR  ,  Effective Still Resolution   24.1 MP  
76,DAONPHARI Digital Camera 16X F-ocus Zoom Design Resolution 1280 * 720 Supported S D Card 4 * AA Batter-y Powered Operated for Photos Taking S-tudio,"5,394.00",  Brand   DAONPHARI  ,None,  Form Factor   Compact  ,None
77,Canon EOS 5D Mark IV 30.4MP Digital SLR Camera (Black) with Body Only,"3,94,057.",  Brand   Canon  ,  Model Name   EOS  ,  Form Factor   DSLR  ,  Effective Still Resolution   30.4 MP  
78,(Renewed) Canon EOS M50 24.1MP Mirrorless Digital SLR Camera (Black) with EF-M 15-45 is STM Lens,"49,990.00",  Brand   Canon  ,  Model Name   EOS M50  ,"  Form Factor   DSLR, Mirrorless  ",  Effective Still Resolution   24.1 MP  
79,"Canon EOS 6D Mark II Digital SLR Camera Body [Wi-Fi Enabled, Black]","2,21,616.",  Brand   Canon  ,  Model Name   EOS 6D Mark II  ,  Form Factor   DSLR  ,  Effective Still Resolution   26.2 MP  
80,"Sony Alpha ILCE-7RM3A Full-Frame 42.4MP Mirrorless Camera Body (4K Full Frame, Real-Time Eye Auto Focus, Real time Animal Eye AF, Tiltable LCD, 2.7 Optical Zoom) - Black","1,89,990.",  Brand   Sony  ,  Model Name   ILCE-7RM3A  ,  Form Factor   Mirrorless  ,  Effective Still Resolution   42.4 MP  
81,"Sony Alpha ILCE-7C Compact Full Frame Camera (4K, Flip Screen, Light Weight, Real time Tracking, Content Creation, 3 Optical Zoom) - Silver","1,47,789.",  Brand   Sony  ,  Model Name   ILCE-7C/SQ IN5  ,  Form Factor   Mirrorless  ,  Effective Still Resolution   24.2 MP  
82,Canon EOS 1500D 24.1 Digital SLR Camera (Black) with EF S18-55 is II Lens,"35,990.00",  Brand   Canon  ,  Model Name   EOS 1500D  ,  Form Factor   Hand held  ,  Effective Still Resolution   24.10  
83,Canon EOS 200D II 24.1MP Digital SLR Camera + EF-S 18-55mm f4 is STM Lens (Black),"54,990.00",  Brand   Canon  ,  Model Name   EOS 200D II  ,  Form Factor   DSLR  ,  Effective Still Resolution   24.1 MP  
84,Panasonic LUMIX G7 16.00 MP 4K Mirrorless Interchangeable Lens Camera Kit with 14-42 mm Lens (Black) with 3x Optical Zoom,"39,990.00",  Brand   Panasonic  ,  Model Name   G Series  ,  Form Factor   Mirrorless  ,  Effective Still Resolution   16 MP  
85,Nikon D7500 20.9MP Digital SLR Camera (Black) with AF-S DX NIKKOR 18-140mm f/3.5-5.6G ED VR Lens,"69,984.00",  Brand   Nikon  ,None,  Form Factor   Compact  ,  Effective Still Resolution   20.9 MP  
86,"Sony Alpha ILCE-6400M 24.2MP Mirrorless Digital SLR Camera (Black) with 18-135mm Power Zoom Lens (APS-C Sensor, Real-Time Eye Auto Focus, 4K Vlogging Camera, Tiltable LCD) - Black","1,05,543.",  Brand   Sony  ,  Model Name   Alpha  ,"  Form Factor   DSLR, Compact, Mirrorless  ",  Effective Still Resolution   24.2 MP  
87,Nikon D7500 DX-Format Digital SLR Body (Black),"69,984.00",  Brand   Nikon  ,  Model Name   D7500  ,  Form Factor   DSLR  ,  Effective Still Resolution   20.9 MP  
88,Canon EOS 200D II 24.1MP Digital SLR Camera + EF-S 18-55mm f4 is STM Lens (Black) + Arctic Fox Sling Shutter Topography Camera Bag,"56,189.00",  Brand   Canon  ,  Model Name   EOS  ,  Form Factor   DSLR  ,  Effective Still Resolution   24.1 MP  
89,"Sony Alpha ILCE 6100L 24.2 MP Mirrorless Digital SLR Camera with 16-50 mm Power Zoom Lens (APS-C Sensor,Fast Auto Focus,Real-time Eye AF,Real-time Tracking,4K Vlogging Camera & Tiltable Screen), Black","66,989.00",  Brand   Sony  ,  Model Name   APSC  ,  Form Factor   Mirrorless  ,  Effective Still Resolution   24.2 MP  
90,Nikon D850 45.7MP Digital SLR Camera (Black) with AF-S Nikkor 24-120mm F/4G ED VR Lens and 64GB Memory Card,"2,38,995.",  Brand   Nikon  ,  Model Name   D850  ,  Form Factor   DSLR  ,  Effective Still Resolution   45 MP  
91,"Canon EOS 90D [18-135 f3.5-5.6 is USM Lens] DSLR Camera, Wi-Fi Enabled, International Version - Black","2,52,726.",  Brand   Canon  ,  Model Name   Canon EOS 90D  ,  Form Factor   DSLR  ,  Effective Still Resolution   32.5 MP  
92,Nikon D850 45.7MP DSLR Camera Body with 0.75x Optical Zoom and 64GB SD Card (Black),"1,99,999.",  Brand   Nikon  ,  Model Name   Nikon D850  ,  Form Factor   DSLR  ,  Effective Still Resolution   45.7 MP  
93,Canon EOS 6D Mark II 26.2MP Digital SLR Camera with EF24-105 mm f/4L is II USM Lens [Black],"1,72,546.",  Brand   Canon  ,  Model Name   Digital Cameras  ,  Form Factor   DSLR  ,  Effective Still Resolution   26.2  
94,Canon EOS 6D Mark II 26.2MP Digital SLR Camera with EF24-105 mm f/4L is II USM Lens [Black],"1,72,546.",  Brand   Canon  ,  Model Name   Digital Cameras  ,  Form Factor   DSLR  ,  Effective Still Resolution   26.2  
95,(Renewed) Canon EOS 200D II 24.1MP Digital SLR Camera + EF-S 18-55mm f4 is STM Lens (Black),"47,550.00",  Brand   Canon  ,  Model Name   EOS 200DII  ,  Form Factor   DSLR  ,  Effective Still Resolution   24.1 MP  
96,DAONPHARI Digital Camera 16X F-ocus Zoom Design Resolution 1280 * 720 Supported S D Card 4 * AA Batter-y Powered Operated for Photos Taking S-tudio,"5,394.00",  Brand   DAONPHARI  ,None,  Form Factor   Compact  ,None
97,Canon EOS 5D Mark IV 30.4MP Digital SLR Camera (Black) with Body Only,"3,94,057.",  Brand   Canon  ,  Model Name   EOS  ,  Form Factor   DSLR  ,  Effective Still Resolution   30.4 MP  
98,(Renewed) Canon EOS M50 24.1MP Mirrorless Digital SLR Camera (Black) with EF-M 15-45 is STM Lens,"49,990.00",  Brand   Canon  ,  Model Name   EOS M50  ,"  Form Factor   DSLR, Mirrorless  ",  Effective Still Resolution   24.1 MP  
99,"Canon EOS 6D Mark II Digital SLR Camera Body [Wi-Fi Enabled, Black]","2,21,616.",  Brand   Canon  ,  Model Name   EOS 6D Mark II  ,  Form Factor   DSLR  ,  Effective Still Resolution   26.2 MP  
100,"Sony Alpha ILCE-7RM3A Full-Frame 42.4MP Mirrorless Camera Body (4K Full Frame, Real-Time Eye Auto Focus, Real time Animal Eye AF, Tiltable LCD, 2.7 Optical Zoom) - Black","1,89,990.",  Brand   Sony  ,  Model Name   ILCE-7RM3A  ,  Form Factor   Mirrorless  ,  Effective Still Resolution   42.4 MP  
101,"Sony Alpha ILCE-7C Compact Full Frame Camera (4K, Flip Screen, Light Weight, Real time Tracking, Content Creation, 3 Optical Zoom) - Silver","1,47,789.",  Brand   Sony  ,  Model Name   ILCE-7C/SQ IN5  ,  Form Factor   Mirrorless  ,  Effective Still Resolution   24.2 MP  
102,Canon EOS 1500D 24.1 Digital SLR Camera (Black) with EF S18-55 is II Lens,"35,990.00",  Brand   Canon  ,  Model Name   EOS 1500D  ,  Form Factor   Hand held  ,  Effective Still Resolution   24.10  
103,Canon EOS 200D II 24.1MP Digital SLR Camera + EF-S 18-55mm f4 is STM Lens (Black),"54,990.00",  Brand   Canon  ,  Model Name   EOS 200D II  ,  Form Factor   DSLR  ,  Effective Still Resolution   24.1 MP  
104,Panasonic LUMIX G7 16.00 MP 4K Mirrorless Interchangeable Lens Camera Kit with 14-42 mm Lens (Black) with 3x Optical Zoom,"39,990.00",  Brand   Panasonic  ,  Model Name   G Series  ,  Form Factor   Mirrorless  ,  Effective Still Resolution   16 MP  
105,Nikon D850 45.7MP DSLR Camera Body with 0.75x Optical Zoom and 64GB SD Card (Black),"1,99,999.",  Brand   Nikon  ,  Model Name   Nikon D850  ,  Form Factor   DSLR  ,  Effective Still Resolution   45.7 MP  
106,Canon EOS 6D Mark II 26.2MP Digital SLR Camera with EF24-105 mm f/4L is II USM Lens [Black],"1,72,546.",  Brand   Canon  ,  Model Name   Digital Cameras  ,  Form Factor   DSLR  ,  Effective Still Resolution   26.2  
107,Nikon D7500 20.9MP Digital SLR Camera (Black) with AF-S DX NIKKOR 18-140mm f/3.5-5.6G ED VR Lens,"69,984.00",  Brand   Nikon  ,None,  Form Factor   Compact  ,  Effective Still Resolution   20.9 MP  
108,"Sony Alpha ILCE-6400M 24.2MP Mirrorless Digital SLR Camera (Black) with 18-135mm Power Zoom Lens (APS-C Sensor, Real-Time Eye Auto Focus, 4K Vlogging Camera, Tiltable LCD) - Black","1,05,543.",  Brand   Sony  ,  Model Name   Alpha  ,"  Form Factor   DSLR, Compact, Mirrorless  ",  Effective Still Resolution   24.2 MP  
109,Nikon D7500 DX-Format Digital SLR Body (Black),"69,984.00",  Brand   Nikon  ,  Model Name   D7500  ,  Form Factor   DSLR  ,  Effective Still Resolution   20.9 MP  
110,Canon EOS 200D II 24.1MP Digital SLR Camera + EF-S 18-55mm f4 is STM Lens (Black) + Arctic Fox Sling Shutter Topography Camera Bag,"56,189.00",  Brand   Canon  ,  Model Name   EOS  ,  Form Factor   DSLR  ,  Effective Still Resolution   24.1 MP  
111,"Sony Alpha ILCE 6100L 24.2 MP Mirrorless Digital SLR Camera with 16-50 mm Power Zoom Lens (APS-C Sensor,Fast Auto Focus,Real-time Eye AF,Real-time Tracking,4K Vlogging Camera & Tiltable Screen), Black","66,989.00",  Brand   Sony  ,  Model Name   APSC  ,  Form Factor   Mirrorless  ,  Effective Still Resolution   24.2 MP  
112,Nikon D850 45.7MP Digital SLR Camera (Black) with AF-S Nikkor 24-120mm F/4G ED VR Lens and 64GB Memory Card,"2,38,995.",  Brand   Nikon  ,  Model Name   D850  ,  Form Factor   DSLR  ,  Effective Still Resolution   45 MP  
113,"Canon EOS 90D [18-135 f3.5-5.6 is USM Lens] DSLR Camera, Wi-Fi Enabled, International Version - Black","2,52,726.",  Brand   Canon  ,  Model Name   Canon EOS 90D  ,  Form Factor   DSLR  ,  Effective Still Resolution   32.5 MP  
114,Canon EOS 6D Mark II 26.2MP Digital SLR Camera with EF24-105 mm f/4L is II USM Lens [Black],"1,72,546.",  Brand   Canon  ,  Model Name   Digital Cameras  ,  Form Factor   DSLR  ,  Effective Still Resolution   26.2  
115,(Renewed) Canon EOS 200D II 24.1MP Digital SLR Camera + EF-S 18-55mm f4 is STM Lens (Black),"47,550.00",  Brand   Canon  ,  Model Name   EOS 200DII  ,  Form Factor   DSLR  ,  Effective Still Resolution   24.1 MP  
116,DAONPHARI Digital Camera 16X F-ocus Zoom Design Resolution 1280 * 720 Supported S D Card 4 * AA Batter-y Powered Operated for Photos Taking S-tudio,"5,394.00",  Brand   DAONPHARI  ,None,  Form Factor   Compact  ,None
117,Canon EOS 5D Mark IV 30.4MP Digital SLR Camera (Black) with Body Only,"3,94,057.",  Brand   Canon  ,  Model Name   EOS  ,  Form Factor   DSLR  ,  Effective Still Resolution   30.4 MP  
118,(Renewed) Canon EOS M50 24.1MP Mirrorless Digital SLR Camera (Black) with EF-M 15-45 is STM Lens,"49,990.00",  Brand   Canon  ,  Model Name   EOS M50  ,"  Form Factor   DSLR, Mirrorless  ",  Effective Still Resolution   24.1 MP  
119,"Canon EOS 6D Mark II Digital SLR Camera Body [Wi-Fi Enabled, Black]","2,21,616.",  Brand   Canon  ,  Model Name   EOS 6D Mark II  ,  Form Factor   DSLR  ,  Effective Still Resolution   26.2 MP  
120,"Sony Alpha ILCE-7RM3A Full-Frame 42.4MP Mirrorless Camera Body (4K Full Frame, Real-Time Eye Auto Focus, Real time Animal Eye AF, Tiltable LCD, 2.7 Optical Zoom) - Black","1,89,990.",  Brand   Sony  ,  Model Name   ILCE-7RM3A  ,  Form Factor   Mirrorless  ,  Effective Still Resolution   42.4 MP  
121,"Sony Alpha ILCE-7C Compact Full Frame Camera (4K, Flip Screen, Light Weight, Real time Tracking, Content Creation, 3 Optical Zoom) - Silver","1,47,789.",  Brand   Sony  ,  Model Name   ILCE-7C/SQ IN5  ,  Form Factor   Mirrorless  ,  Effective Still Resolution   24.2 MP  
122,Canon EOS 1500D 24.1 Digital SLR Camera (Black) with EF S18-55 is II Lens,"35,990.00",  Brand   Canon  ,  Model Name   EOS 1500D  ,  Form Factor   Hand held  ,  Effective Still Resolution   24.10  
123,Canon EOS 200D II 24.1MP Digital SLR Camera + EF-S 18-55mm f4 is STM Lens (Black),"54,990.00",  Brand   Canon  ,  Model Name   EOS 200D II  ,  Form Factor   DSLR  ,  Effective Still Resolution   24.1 MP  
124,Panasonic LUMIX G7 16.00 MP 4K Mirrorless Interchangeable Lens Camera Kit with 14-42 mm Lens (Black) with 3x Optical Zoom,"39,990.00",  Brand   Panasonic  ,  Model Name   G Series  ,  Form Factor   Mirrorless  ,  Effective Still Resolution   16 MP  
125,Nikon D7500 20.9MP Digital SLR Camera (Black) with AF-S DX NIKKOR 18-140mm f/3.5-5.6G ED VR Lens,"69,984.00",  Brand   Nikon  ,None,  Form Factor   Compact  ,  Effective Still Resolution   20.9 MP  
126,"Sony Alpha ILCE-6400M 24.2MP Mirrorless Digital SLR Camera (Black) with 18-135mm Power Zoom Lens (APS-C Sensor, Real-Time Eye Auto Focus, 4K Vlogging Camera, Tiltable LCD) - Black","1,05,543.",  Brand   Sony  ,  Model Name   Alpha  ,"  Form Factor   DSLR, Compact, Mirrorless  ",  Effective Still Resolution   24.2 MP  
127,Nikon D7500 DX-Format Digital SLR Body (Black),"69,984.00",  Brand   Nikon  ,  Model Name   D7500  ,  Form Factor   DSLR  ,  Effective Still Resolution   20.9 MP  
128,Canon EOS 200D II 24.1MP Digital SLR Camera + EF-S 18-55mm f4 is STM Lens (Black) + Arctic Fox Sling Shutter Topography Camera Bag,"56,189.00",  Brand   Canon  ,  Model Name   EOS  ,  Form Factor   DSLR  ,  Effective Still Resolution   24.1 MP  
129,"Sony Alpha ILCE 6100L 24.2 MP Mirrorless Digital SLR Camera with 16-50 mm Power Zoom Lens (APS-C Sensor,Fast Auto Focus,Real-time Eye AF,Real-time Tracking,4K Vlogging Camera & Tiltable Screen), Black","66,989.00",  Brand   Sony  ,  Model Name   APSC  ,  Form Factor   Mirrorless  ,  Effective Still Resolution   24.2 MP  
130,Nikon D850 45.7MP Digital SLR Camera (Black) with AF-S Nikkor 24-120mm F/4G ED VR Lens and 64GB Memory Card,"2,38,995.",  Brand   Nikon  ,  Model Name   D850  ,  Form Factor   DSLR  ,  Effective Still Resolution   45 MP  
131,"Canon EOS 90D [18-135 f3.5-5.6 is USM Lens] DSLR Camera, Wi-Fi Enabled, International Version - Black","2,52,726.",  Brand   Canon  ,  Model Name   Canon EOS 90D  ,  Form Factor   DSLR  ,  Effective Still Resolution   32.5 MP  
132,Nikon D850 45.7MP DSLR Camera Body with 0.75x Optical Zoom and 64GB SD Card (Black),"1,99,999.",  Brand   Nikon  ,  Model Name   Nikon D850  ,  Form Factor   DSLR  ,  Effective Still Resolution   45.7 MP  
133,Canon EOS 6D Mark II 26.2MP Digital SLR Camera with EF24-105 mm f/4L is II USM Lens [Black],"1,72,546.",  Brand   Canon  ,  Model Name   Digital Cameras  ,  Form Factor   DSLR  ,  Effective Still Resolution   26.2  
134,Canon EOS 6D Mark II 26.2MP Digital SLR Camera with EF24-105 mm f/4L is II USM Lens [Black],"1,72,546.",  Brand   Canon  ,  Model Name   Digital Cameras  ,  Form Factor   DSLR  ,  Effective Still Resolution   26.2  
135,(Renewed) Canon EOS 200D II 24.1MP Digital SLR Camera + EF-S 18-55mm f4 is STM Lens (Black),"47,550.00",  Brand   Canon  ,  Model Name   EOS 200DII  ,  Form Factor   DSLR  ,  Effective Still Resolution   24.1 MP  
136,DAONPHARI Digital Camera 16X F-ocus Zoom Design Resolution 1280 * 720 Supported S D Card 4 * AA Batter-y Powered Operated for Photos Taking S-tudio,"5,394.00",  Brand   DAONPHARI  ,None,  Form Factor   Compact  ,None
137,Canon EOS 5D Mark IV 30.4MP Digital SLR Camera (Black) with Body Only,"3,94,057.",  Brand   Canon  ,  Model Name   EOS  ,  Form Factor   DSLR  ,  Effective Still Resolution   30.4 MP  
138,(Renewed) Canon EOS M50 24.1MP Mirrorless Digital SLR Camera (Black) with EF-M 15-45 is STM Lens,"49,990.00",  Brand   Canon  ,  Model Name   EOS M50  ,"  Form Factor   DSLR, Mirrorless  ",  Effective Still Resolution   24.1 MP  
139,"Canon EOS 6D Mark II Digital SLR Camera Body [Wi-Fi Enabled, Black]","2,21,616.",  Brand   Canon  ,  Model Name   EOS 6D Mark II  ,  Form Factor   DSLR  ,  Effective Still Resolution   26.2 MP  
140,"Sony Alpha ILCE-7RM3A Full-Frame 42.4MP Mirrorless Camera Body (4K Full Frame, Real-Time Eye Auto Focus, Real time Animal Eye AF, Tiltable LCD, 2.7 Optical Zoom) - Black","1,89,990.",  Brand   Sony  ,  Model Name   ILCE-7RM3A  ,  Form Factor   Mirrorless  ,  Effective Still Resolution   42.4 MP  
141,"Sony Alpha ILCE-7C Compact Full Frame Camera (4K, Flip Screen, Light Weight, Real time Tracking, Content Creation, 3 Optical Zoom) - Silver","1,47,789.",  Brand   Sony  ,  Model Name   ILCE-7C/SQ IN5  ,  Form Factor   Mirrorless  ,  Effective Still Resolution   24.2 MP  
142,Canon EOS 1500D 24.1 Digital SLR Camera (Black) with EF S18-55 is II Lens,"35,990.00",  Brand   Canon  ,  Model Name   EOS 1500D  ,  Form Factor   Hand held  ,  Effective Still Resolution   24.10  
143,Canon EOS 200D II 24.1MP Digital SLR Camera + EF-S 18-55mm f4 is STM Lens (Black),"54,990.00",  Brand   Canon  ,  Model Name   EOS 200D II  ,  Form Factor   DSLR  ,  Effective Still Resolution   24.1 MP  
144,Panasonic LUMIX G7 16.00 MP 4K Mirrorless Interchangeable Lens Camera Kit with 14-42 mm Lens (Black) with 3x Optical Zoom,"39,990.00",  Brand   Panasonic  ,  Model Name   G Series  ,  Form Factor   Mirrorless  ,  Effective Still Resolution   16 MP  
145,Nikon D7500 20.9MP Digital SLR Camera (Black) with AF-S DX NIKKOR 18-140mm f/3.5-5.6G ED VR Lens,"69,984.00",  Brand   Nikon  ,None,  Form Factor   Compact  ,  Effective Still Resolution   20.9 MP  
146,"Sony Alpha ILCE-6400M 24.2MP Mirrorless Digital SLR Camera (Black) with 18-135mm Power Zoom Lens (APS-C Sensor, Real-Time Eye Auto Focus, 4K Vlogging Camera, Tiltable LCD) - Black","1,05,543.",  Brand   Sony  ,  Model Name   Alpha  ,"  Form Factor   DSLR, Compact, Mirrorless  ",  Effective Still Resolution   24.2 MP  
147,Nikon D7500 DX-Format Digital SLR Body (Black),"69,984.00",  Brand   Nikon  ,  Model Name   D7500  ,  Form Factor   DSLR  ,  Effective Still Resolution   20.9 MP  
148,Canon EOS 200D II 24.1MP Digital SLR Camera + EF-S 18-55mm f4 is STM Lens (Black) + Arctic Fox Sling Shutter Topography Camera Bag,"56,189.00",  Brand   Canon  ,  Model Name   EOS  ,  Form Factor   DSLR  ,  Effective Still Resolution   24.1 MP  
149,"Sony Alpha ILCE 6100L 24.2 MP Mirrorless Digital SLR Camera with 16-50 mm Power Zoom Lens (APS-C Sensor,Fast Auto Focus,Real-time Eye AF,Real-time Tracking,4K Vlogging Camera & Tiltable Screen), Black","66,989.00",  Brand   Sony  ,  Model Name   APSC  ,  Form Factor   Mirrorless  ,  Effective Still Resolution   24.2 MP  
150,Nikon D850 45.7MP Digital SLR Camera (Black) with AF-S Nikkor 24-120mm F/4G ED VR Lens and 64GB Memory Card,"2,38,995.",  Brand   Nikon  ,  Model Name   D850  ,  Form Factor   DSLR  ,  Effective Still Resolution   45 MP  
151,"Canon EOS 90D [18-135 f3.5-5.6 is USM Lens] DSLR Camera, Wi-Fi Enabled, International Version - Black","2,52,726.",  Brand   Canon  ,  Model Name   Canon EOS 90D  ,  Form Factor   DSLR  ,  Effective Still Resolution   32.5 MP  
152,Nikon D850 45.7MP DSLR Camera Body with 0.75x Optical Zoom and 64GB SD Card (Black),"1,99,999.",  Brand   Nikon  ,  Model Name   Nikon D850  ,  Form Factor   DSLR  ,  Effective Still Resolution   45.7 MP  
153,Canon EOS 6D Mark II 26.2MP Digital SLR Camera with EF24-105 mm f/4L is II USM Lens [Black],"1,72,546.",  Brand   Canon  ,  Model Name   Digital Cameras  ,  Form Factor   DSLR  ,  Effective Still Resolution   26.2  
154,Canon EOS 6D Mark II 26.2MP Digital SLR Camera with EF24-105 mm f/4L is II USM Lens [Black],"1,72,546.",  Brand   Canon  ,  Model Name   Digital Cameras  ,  Form Factor   DSLR  ,  Effective Still Resolution   26.2  
155,(Renewed) Canon EOS 200D II 24.1MP Digital SLR Camera + EF-S 18-55mm f4 is STM Lens (Black),"47,550.00",  Brand   Canon  ,  Model Name   EOS 200DII  ,  Form Factor   DSLR  ,  Effective Still Resolution   24.1 MP  
156,DAONPHARI Digital Camera 16X F-ocus Zoom Design Resolution 1280 * 720 Supported S D Card 4 * AA Batter-y Powered Operated for Photos Taking S-tudio,"5,394.00",  Brand   DAONPHARI  ,None,  Form Factor   Compact  ,None
157,Canon EOS 5D Mark IV 30.4MP Digital SLR Camera (Black) with Body Only,"3,94,057.",  Brand   Canon  ,  Model Name   EOS  ,  Form Factor   DSLR  ,  Effective Still Resolution   30.4 MP  
158,(Renewed) Canon EOS M50 24.1MP Mirrorless Digital SLR Camera (Black) with EF-M 15-45 is STM Lens,"49,990.00",  Brand   Canon  ,  Model Name   EOS M50  ,"  Form Factor   DSLR, Mirrorless  ",  Effective Still Resolution   24.1 MP  
159,"Canon EOS 6D Mark II Digital SLR Camera Body [Wi-Fi Enabled, Black]","2,21,616.",  Brand   Canon  ,  Model Name   EOS 6D Mark II  ,  Form Factor   DSLR  ,  Effective Still Resolution   26.2 MP  
160,"Sony Alpha ILCE-7RM3A Full-Frame 42.4MP Mirrorless Camera Body (4K Full Frame, Real-Time Eye Auto Focus, Real time Animal Eye AF, Tiltable LCD, 2.7 Optical Zoom) - Black","1,89,990.",  Brand   Sony  ,  Model Name   ILCE-7RM3A  ,  Form Factor   Mirrorless  ,  Effective Still Resolution   42.4 MP  
161,"Sony Alpha ILCE-7C Compact Full Frame Camera (4K, Flip Screen, Light Weight, Real time Tracking, Content Creation, 3 Optical Zoom) - Silver","1,47,789.",  Brand   Sony  ,  Model Name   ILCE-7C/SQ IN5  ,  Form Factor   Mirrorless  ,  Effective Still Resolution   24.2 MP  
162,Canon EOS 1500D 24.1 Digital SLR Camera (Black) with EF S18-55 is II Lens,"35,990.00",  Brand   Canon  ,  Model Name   EOS 1500D  ,  Form Factor   Hand held  ,  Effective Still Resolution   24.10  
163,Canon EOS 200D II 24.1MP Digital SLR Camera + EF-S 18-55mm f4 is STM Lens (Black),"54,990.00",  Brand   Canon  ,  Model Name   EOS 200D II  ,  Form Factor   DSLR  ,  Effective Still Resolution   24.1 MP  
164,Panasonic LUMIX G7 16.00 MP 4K Mirrorless Interchangeable Lens Camera Kit with 14-42 mm Lens (Black) with 3x Optical Zoom,"39,990.00",  Brand   Panasonic  ,  Model Name   G Series  ,  Form Factor   Mirrorless  ,  Effective Still Resolution   16 MP  
165,Nikon D7500 20.9MP Digital SLR Camera (Black) with AF-S DX NIKKOR 18-140mm f/3.5-5.6G ED VR Lens,"69,984.00",  Brand   Nikon  ,None,  Form Factor   Compact  ,  Effective Still Resolution   20.9 MP  
166,"Sony Alpha ILCE-6400M 24.2MP Mirrorless Digital SLR Camera (Black) with 18-135mm Power Zoom Lens (APS-C Sensor, Real-Time Eye Auto Focus, 4K Vlogging Camera, Tiltable LCD) - Black","1,05,543.",  Brand   Sony  ,  Model Name   Alpha  ,"  Form Factor   DSLR, Compact, Mirrorless  ",  Effective Still Resolution   24.2 MP  
167,Nikon D7500 DX-Format Digital SLR Body (Black),"69,984.00",  Brand   Nikon  ,  Model Name   D7500  ,  Form Factor   DSLR  ,  Effective Still Resolution   20.9 MP  
168,Canon EOS 200D II 24.1MP Digital SLR Camera + EF-S 18-55mm f4 is STM Lens (Black) + Arctic Fox Sling Shutter Topography Camera Bag,"56,189.00",  Brand   Canon  ,  Model Name   EOS  ,  Form Factor   DSLR  ,  Effective Still Resolution   24.1 MP  
169,"Sony Alpha ILCE 6100L 24.2 MP Mirrorless Digital SLR Camera with 16-50 mm Power Zoom Lens (APS-C Sensor,Fast Auto Focus,Real-time Eye AF,Real-time Tracking,4K Vlogging Camera & Tiltable Screen), Black","66,989.00",  Brand   Sony  ,  Model Name   APSC  ,  Form Factor   Mirrorless  ,  Effective Still Resolution   24.2 MP  
170,Nikon D850 45.7MP Digital SLR Camera (Black) with AF-S Nikkor 24-120mm F/4G ED VR Lens and 64GB Memory Card,"2,38,995.",  Brand   Nikon  ,  Model Name   D850  ,  Form Factor   DSLR  ,  Effective Still Resolution   45 MP  
171,"Canon EOS 90D [18-135 f3.5-5.6 is USM Lens] DSLR Camera, Wi-Fi Enabled, International Version - Black","2,52,726.",  Brand   Canon  ,  Model Name   Canon EOS 90D  ,  Form Factor   DSLR  ,  Effective Still Resolution   32.5 MP  
172,Nikon D850 45.7MP DSLR Camera Body with 0.75x Optical Zoom and 64GB SD Card (Black),"1,99,999.",  Brand   Nikon  ,  Model Name   Nikon D850  ,  Form Factor   DSLR  ,  Effective Still Resolution   45.7 MP  
173,Canon EOS 6D Mark II 26.2MP Digital SLR Camera with EF24-105 mm f/4L is II USM Lens [Black],"1,72,546.",  Brand   Canon  ,  Model Name   Digital Cameras  ,  Form Factor   DSLR  ,  Effective Still Resolution   26.2  
174,Canon EOS 6D Mark II 26.2MP Digital SLR Camera with EF24-105 mm f/4L is II USM Lens [Black],"1,72,546.",  Brand   Canon  ,  Model Name   Digital Cameras  ,  Form Factor   DSLR  ,  Effective Still Resolution   26.2  
175,(Renewed) Canon EOS 200D II 24.1MP Digital SLR Camera + EF-S 18-55mm f4 is STM Lens (Black),"47,550.00",  Brand   Canon  ,  Model Name   EOS 200DII  ,  Form Factor   DSLR  ,  Effective Still Resolution   24.1 MP  
176,DAONPHARI Digital Camera 16X F-ocus Zoom Design Resolution 1280 * 720 Supported S D Card 4 * AA Batter-y Powered Operated for Photos Taking S-tudio,"5,394.00",  Brand   DAONPHARI  ,None,  Form Factor   Compact  ,None
177,Canon EOS 5D Mark IV 30.4MP Digital SLR Camera (Black) with Body Only,"3,94,057.",  Brand   Canon  ,  Model Name   EOS  ,  Form Factor   DSLR  ,  Effective Still Resolution   30.4 MP  
178,(Renewed) Canon EOS M50 24.1MP Mirrorless Digital SLR Camera (Black) with EF-M 15-45 is STM Lens,"49,990.00",  Brand   Canon  ,  Model Name   EOS M50  ,"  Form Factor   DSLR, Mirrorless  ",  Effective Still Resolution   24.1 MP  
179,"Canon EOS 6D Mark II Digital SLR Camera Body [Wi-Fi Enabled, Black]","2,21,616.",  Brand   Canon  ,  Model Name   EOS 6D Mark II  ,  Form Factor   DSLR  ,  Effective Still Resolution   26.2 MP  
180,"Sony Alpha ILCE-7RM3A Full-Frame 42.4MP Mirrorless Camera Body (4K Full Frame, Real-Time Eye Auto Focus, Real time Animal Eye AF, Tiltable LCD, 2.7 Optical Zoom) - Black","1,89,990.",  Brand   Sony  ,  Model Name   ILCE-7RM3A  ,  Form Factor   Mirrorless  ,  Effective Still Resolution   42.4 MP  
181,"Sony Alpha ILCE-7C Compact Full Frame Camera (4K, Flip Screen, Light Weight, Real time Tracking, Content Creation, 3 Optical Zoom) - Silver","1,47,789.",  Brand   Sony  ,  Model Name   ILCE-7C/SQ IN5  ,  Form Factor   Mirrorless  ,  Effective Still Resolution   24.2 MP  
182,Canon EOS 1500D 24.1 Digital SLR Camera (Black) with EF S18-55 is II Lens,"35,990.00",  Brand   Canon  ,  Model Name   EOS 1500D  ,  Form Factor   Hand held  ,  Effective Still Resolution   24.10  
183,Canon EOS 200D II 24.1MP Digital SLR Camera + EF-S 18-55mm f4 is STM Lens (Black),"54,990.00",  Brand   Canon  ,  Model Name   EOS 200D II  ,  Form Factor   DSLR  ,  Effective Still Resolution   24.1 MP  
184,Panasonic LUMIX G7 16.00 MP 4K Mirrorless Interchangeable Lens Camera Kit with 14-42 mm Lens (Black) with 3x Optical Zoom,"39,990.00",  Brand   Panasonic  ,  Model Name   G Series  ,  Form Factor   Mirrorless  ,  Effective Still Resolution   16 MP  
185,Nikon D850 45.7MP DSLR Camera Body with 0.75x Optical Zoom and 64GB SD Card (Black),"1,99,999.",  Brand   Nikon  ,  Model Name   Nikon D850  ,  Form Factor   DSLR  ,  Effective Still Resolution   45.7 MP  
186,Canon EOS 6D Mark II 26.2MP Digital SLR Camera with EF24-105 mm f/4L is II USM Lens [Black],"1,72,546.",  Brand   Canon  ,  Model Name   Digital Cameras  ,  Form Factor   DSLR  ,  Effective Still Resolution   26.2  
187,Nikon D7500 20.9MP Digital SLR Camera (Black) with AF-S DX NIKKOR 18-140mm f/3.5-5.6G ED VR Lens,"69,984.00",  Brand   Nikon  ,None,  Form Factor   Compact  ,  Effective Still Resolution   20.9 MP  
188,"Sony Alpha ILCE-6400M 24.2MP Mirrorless Digital SLR Camera (Black) with 18-135mm Power Zoom Lens (APS-C Sensor, Real-Time Eye Auto Focus, 4K Vlogging Camera, Tiltable LCD) - Black","1,05,543.",  Brand   Sony  ,  Model Name   Alpha  ,"  Form Factor   DSLR, Compact, Mirrorless  ",  Effective Still Resolution   24.2 MP  
189,Nikon D7500 DX-Format Digital SLR Body (Black),"69,984.00",  Brand   Nikon  ,  Model Name   D7500  ,  Form Factor   DSLR  ,  Effective Still Resolution   20.9 MP  
190,Canon EOS 200D II 24.1MP Digital SLR Camera + EF-S 18-55mm f4 is STM Lens (Black) + Arctic Fox Sling Shutter Topography Camera Bag,"56,189.00",  Brand   Canon  ,  Model Name   EOS  ,  Form Factor   DSLR  ,  Effective Still Resolution   24.1 MP  
191,"Sony Alpha ILCE 6100L 24.2 MP Mirrorless Digital SLR Camera with 16-50 mm Power Zoom Lens (APS-C Sensor,Fast Auto Focus,Real-time Eye AF,Real-time Tracking,4K Vlogging Camera & Tiltable Screen), Black","66,989.00",  Brand   Sony  ,  Model Name   APSC  ,  Form Factor   Mirrorless  ,  Effective Still Resolution   24.2 MP  
192,Nikon D850 45.7MP Digital SLR Camera (Black) with AF-S Nikkor 24-120mm F/4G ED VR Lens and 64GB Memory Card,"2,38,995.",  Brand   Nikon  ,  Model Name   D850  ,  Form Factor   DSLR  ,  Effective Still Resolution   45 MP  
193,"Canon EOS 90D [18-135 f3.5-5.6 is USM Lens] DSLR Camera, Wi-Fi Enabled, International Version - Black","2,52,726.",  Brand   Canon  ,  Model Name   Canon EOS 90D  ,  Form Factor   DSLR  ,  Effective Still Resolution   32.5 MP  
194,Canon EOS 6D Mark II 26.2MP Digital SLR Camera with EF24-105 mm f/4L is II USM Lens [Black],"1,72,546.",  Brand   Canon  ,  Model Name   Digital Cameras  ,  Form Factor   DSLR  ,  Effective Still Resolution   26.2  
195,(Renewed) Canon EOS 200D II 24.1MP Digital SLR Camera + EF-S 18-55mm f4 is STM Lens (Black),"47,550.00",  Brand   Canon  ,  Model Name   EOS 200DII  ,  Form Factor   DSLR  ,  Effective Still Resolution   24.1 MP  
196,DAONPHARI Digital Camera 16X F-ocus Zoom Design Resolution 1280 * 720 Supported S D Card 4 * AA Batter-y Powered Operated for Photos Taking S-tudio,"5,394.00",  Brand   DAONPHARI  ,None,  Form Factor   Compact  ,None
197,Canon EOS 5D Mark IV 30.4MP Digital SLR Camera (Black) with Body Only,"3,94,057.",  Brand   Canon  ,  Model Name   EOS  ,  Form Factor   DSLR  ,  Effective Still Resolution   30.4 MP  
198,(Renewed) Canon EOS M50 24.1MP Mirrorless Digital SLR Camera (Black) with EF-M 15-45 is STM Lens,"49,990.00",  Brand   Canon  ,  Model Name   EOS M50  ,"  Form Factor   DSLR, Mirrorless  ",  Effective Still Resolution   24.1 MP  
199,"Canon EOS 6D Mark II Digital SLR Camera Body [Wi-Fi Enabled, Black]","2,21,616.",  Brand   Canon  ,  Model Name   EOS 6D Mark II  ,  Form Factor   DSLR  ,  Effective Still Resolution   26.2 MP  
200,"Sony Alpha ILCE-7RM3A Full-Frame 42.4MP Mirrorless Camera Body (4K Full Frame, Real-Time Eye Auto Focus, Real time Animal Eye AF, Tiltable LCD, 2.7 Optical Zoom) - Black","1,89,990.",  Brand   Sony  ,  Model Name   ILCE-7RM3A  ,  Form Factor   Mirrorless  ,  Effective Still Resolution   42.4 MP  
201,"Sony Alpha ILCE-7C Compact Full Frame Camera (4K, Flip Screen, Light Weight, Real time Tracking, Content Creation, 3 Optical Zoom) - Silver","1,47,789.",  Brand   Sony  ,  Model Name   ILCE-7C/SQ IN5  ,  Form Factor   Mirrorless  ,  Effective Still Resolution   24.2 MP  
202,Canon EOS 1500D 24.1 Digital SLR Camera (Black) with EF S18-55 is II Lens,"35,990.00",  Brand   Canon  ,  Model Name   EOS 1500D  ,  Form Factor   Hand held  ,  Effective Still Resolution   24.10  
203,Canon EOS 200D II 24.1MP Digital SLR Camera + EF-S 18-55mm f4 is STM Lens (Black),"54,990.00",  Brand   Canon  ,  Model Name   EOS 200D II  ,  Form Factor   DSLR  ,  Effective Still Resolution   24.1 MP  
204,Panasonic LUMIX G7 16.00 MP 4K Mirrorless Interchangeable Lens Camera Kit with 14-42 mm Lens (Black) with 3x Optical Zoom,"39,990.00",  Brand   Panasonic  ,  Model Name   G Series  ,  Form Factor   Mirrorless  ,  Effective Still Resolution   16 MP  
205,Nikon D7500 20.9MP Digital SLR Camera (Black) with AF-S DX NIKKOR 18-140mm f/3.5-5.6G ED VR Lens,"69,984.00",  Brand   Nikon  ,None,  Form Factor   Compact  ,  Effective Still Resolution   20.9 MP  
206,"Sony Alpha ILCE-6400M 24.2MP Mirrorless Digital SLR Camera (Black) with 18-135mm Power Zoom Lens (APS-C Sensor, Real-Time Eye Auto Focus, 4K Vlogging Camera, Tiltable LCD) - Black","1,05,543.",  Brand   Sony  ,  Model Name   Alpha  ,"  Form Factor   DSLR, Compact, Mirrorless  ",  Effective Still Resolution   24.2 MP  
207,Nikon D7500 DX-Format Digital SLR Body (Black),"69,984.00",  Brand   Nikon  ,  Model Name   D7500  ,  Form Factor   DSLR  ,  Effective Still Resolution   20.9 MP  
208,Canon EOS 200D II 24.1MP Digital SLR Camera + EF-S 18-55mm f4 is STM Lens (Black) + Arctic Fox Sling Shutter Topography Camera Bag,"56,189.00",  Brand   Canon  ,  Model Name   EOS  ,  Form Factor   DSLR  ,  Effective Still Resolution   24.1 MP  
209,"Sony Alpha ILCE 6100L 24.2 MP Mirrorless Digital SLR Camera with 16-50 mm Power Zoom Lens (APS-C Sensor,Fast Auto Focus,Real-time Eye AF,Real-time Tracking,4K Vlogging Camera & Tiltable Screen), Black","66,989.00",  Brand   Sony  ,  Model Name   APSC  ,  Form Factor   Mirrorless  ,  Effective Still Resolution   24.2 MP  
210,Nikon D850 45.7MP Digital SLR Camera (Black) with AF-S Nikkor 24-120mm F/4G ED VR Lens and 64GB Memory Card,"2,38,995.",  Brand   Nikon  ,  Model Name   D850  ,  Form Factor   DSLR  ,  Effective Still Resolution   45 MP  
211,"Canon EOS 90D [18-135 f3.5-5.6 is USM Lens] DSLR Camera, Wi-Fi Enabled, International Version - Black","2,52,726.",  Brand   Canon  ,  Model Name   Canon EOS 90D  ,  Form Factor   DSLR  ,  Effective Still Resolution   32.5 MP  
212,Nikon D850 45.7MP DSLR Camera Body with 0.75x Optical Zoom and 64GB SD Card (Black),"1,99,999.",  Brand   Nikon  ,  Model Name   Nikon D850  ,  Form Factor   DSLR  ,  Effective Still Resolution   45.7 MP  
213,Canon EOS 6D Mark II 26.2MP Digital SLR Camera with EF24-105 mm f/4L is II USM Lens [Black],"1,72,546.",  Brand   Canon  ,  Model Name   Digital Cameras  ,  Form Factor   DSLR  ,  Effective Still Resolution   26.2  
214,Canon EOS 6D Mark II 26.2MP Digital SLR Camera with EF24-105 mm f/4L is II USM Lens [Black],"1,72,546.",  Brand   Canon  ,  Model Name   Digital Cameras  ,  Form Factor   DSLR  ,  Effective Still Resolution   26.2  
215,(Renewed) Canon EOS 200D II 24.1MP Digital SLR Camera + EF-S 18-55mm f4 is STM Lens (Black),"47,550.00",  Brand   Canon  ,  Model Name   EOS 200DII  ,  Form Factor   DSLR  ,  Effective Still Resolution   24.1 MP  
216,DAONPHARI Digital Camera 16X F-ocus Zoom Design Resolution 1280 * 720 Supported S D Card 4 * AA Batter-y Powered Operated for Photos Taking S-tudio,"5,394.00",  Brand   DAONPHARI  ,None,  Form Factor   Compact  ,None
217,Canon EOS 5D Mark IV 30.4MP Digital SLR Camera (Black) with Body Only,"3,94,057.",  Brand   Canon  ,  Model Name   EOS  ,  Form Factor   DSLR  ,  Effective Still Resolution   30.4 MP  
218,(Renewed) Canon EOS M50 24.1MP Mirrorless Digital SLR Camera (Black) with EF-M 15-45 is STM Lens,"49,990.00",  Brand   Canon  ,  Model Name   EOS M50  ,"  Form Factor   DSLR, Mirrorless  ",  Effective Still Resolution   24.1 MP  
219,"Canon EOS 6D Mark II Digital SLR Camera Body [Wi-Fi Enabled, Black]","2,21,616.",  Brand   Canon  ,  Model Name   EOS 6D Mark II  ,  Form Factor   DSLR  ,  Effective Still Resolution   26.2 MP  
220,"Sony Alpha ILCE-7RM3A Full-Frame 42.4MP Mirrorless Camera Body (4K Full Frame, Real-Time Eye Auto Focus, Real time Animal Eye AF, Tiltable LCD, 2.7 Optical Zoom) - Black","1,89,990.",  Brand   Sony  ,  Model Name   ILCE-7RM3A  ,  Form Factor   Mirrorless  ,  Effective Still Resolution   42.4 MP  
221,"Sony Alpha ILCE-7C Compact Full Frame Camera (4K, Flip Screen, Light Weight, Real time Tracking, Content Creation, 3 Optical Zoom) - Silver","1,47,789.",  Brand   Sony  ,  Model Name   ILCE-7C/SQ IN5  ,  Form Factor   Mirrorless  ,  Effective Still Resolution   24.2 MP  
222,Canon EOS 1500D 24.1 Digital SLR Camera (Black) with EF S18-55 is II Lens,"35,990.00",  Brand   Canon  ,  Model Name   EOS 1500D  ,  Form Factor   Hand held  ,  Effective Still Resolution   24.10  
223,Canon EOS 200D II 24.1MP Digital SLR Camera + EF-S 18-55mm f4 is STM Lens (Black),"54,990.00",  Brand   Canon  ,  Model Name   EOS 200D II  ,  Form Factor   DSLR  ,  Effective Still Resolution   24.1 MP  
224,Panasonic LUMIX G7 16.00 MP 4K Mirrorless Interchangeable Lens Camera Kit with 14-42 mm Lens (Black) with 3x Optical Zoom,"39,990.00",  Brand   Panasonic  ,  Model Name   G Series  ,  Form Factor   Mirrorless  ,  Effective Still Resolution   16 MP  
225,Nikon D850 45.7MP DSLR Camera Body with 0.75x Optical Zoom and 64GB SD Card (Black),"1,99,999.",  Brand   Nikon  ,  Model Name   Nikon D850  ,  Form Factor   DSLR  ,  Effective Still Resolution   45.7 MP  
226,Canon EOS 6D Mark II 26.2MP Digital SLR Camera with EF24-105 mm f/4L is II USM Lens [Black],"1,72,546.",  Brand   Canon  ,  Model Name   Digital Cameras  ,  Form Factor   DSLR  ,  Effective Still Resolution   26.2  
227,Nikon D7500 20.9MP Digital SLR Camera (Black) with AF-S DX NIKKOR 18-140mm f/3.5-5.6G ED VR Lens,"69,984.00",  Brand   Nikon  ,None,  Form Factor   Compact  ,  Effective Still Resolution   20.9 MP  
228,"Sony Alpha ILCE-6400M 24.2MP Mirrorless Digital SLR Camera (Black) with 18-135mm Power Zoom Lens (APS-C Sensor, Real-Time Eye Auto Focus, 4K Vlogging Camera, Tiltable LCD) - Black","1,05,543.",  Brand   Sony  ,  Model Name   Alpha  ,"  Form Factor   DSLR, Compact, Mirrorless  ",  Effective Still Resolution   24.2 MP  
229,Nikon D7500 DX-Format Digital SLR Body (Black),"69,984.00",  Brand   Nikon  ,  Model Name   D7500  ,  Form Factor   DSLR  ,  Effective Still Resolution   20.9 MP  
230,Canon EOS 200D II 24.1MP Digital SLR Camera + EF-S 18-55mm f4 is STM Lens (Black) + Arctic Fox Sling Shutter Topography Camera Bag,"56,189.00",  Brand   Canon  ,  Model Name   EOS  ,  Form Factor   DSLR  ,  Effective Still Resolution   24.1 MP  
231,"Sony Alpha ILCE 6100L 24.2 MP Mirrorless Digital SLR Camera with 16-50 mm Power Zoom Lens (APS-C Sensor,Fast Auto Focus,Real-time Eye AF,Real-time Tracking,4K Vlogging Camera & Tiltable Screen), Black","66,989.00",  Brand   Sony  ,  Model Name   APSC  ,  Form Factor   Mirrorless  ,  Effective Still Resolution   24.2 MP  
232,Nikon D850 45.7MP Digital SLR Camera (Black) with AF-S Nikkor 24-120mm F/4G ED VR Lens and 64GB Memory Card,"2,38,995.",  Brand   Nikon  ,  Model Name   D850  ,  Form Factor   DSLR  ,  Effective Still Resolution   45 MP  
233,"Canon EOS 90D [18-135 f3.5-5.6 is USM Lens] DSLR Camera, Wi-Fi Enabled, International Version - Black","2,52,726.",  Brand   Canon  ,  Model Name   Canon EOS 90D  ,  Form Factor   DSLR  ,  Effective Still Resolution   32.5 MP  
234,Canon EOS 6D Mark II 26.2MP Digital SLR Camera with EF24-105 mm f/4L is II USM Lens [Black],"1,72,546.",  Brand   Canon  ,  Model Name   Digital Cameras  ,  Form Factor   DSLR  ,  Effective Still Resolution   26.2  
235,(Renewed) Canon EOS 200D II 24.1MP Digital SLR Camera + EF-S 18-55mm f4 is STM Lens (Black),"47,550.00",  Brand   Canon  ,  Model Name   EOS 200DII  ,  Form Factor   DSLR  ,  Effective Still Resolution   24.1 MP  
236,DAONPHARI Digital Camera 16X F-ocus Zoom Design Resolution 1280 * 720 Supported S D Card 4 * AA Batter-y Powered Operated for Photos Taking S-tudio,"5,394.00",  Brand   DAONPHARI  ,None,  Form Factor   Compact  ,None
237,Canon EOS 5D Mark IV 30.4MP Digital SLR Camera (Black) with Body Only,"3,94,057.",  Brand   Canon  ,  Model Name   EOS  ,  Form Factor   DSLR  ,  Effective Still Resolution   30.4 MP  
238,(Renewed) Canon EOS M50 24.1MP Mirrorless Digital SLR Camera (Black) with EF-M 15-45 is STM Lens,"49,990.00",  Brand   Canon  ,  Model Name   EOS M50  ,"  Form Factor   DSLR, Mirrorless  ",  Effective Still Resolution   24.1 MP  
239,"Canon EOS 6D Mark II Digital SLR Camera Body [Wi-Fi Enabled, Black]","2,21,616.",  Brand   Canon  ,  Model Name   EOS 6D Mark II  ,  Form Factor   DSLR  ,  Effective Still Resolution   26.2 MP  
